{
  "config": {
    "m": 8,
    "gamma": 1.0,
    "inject_layers": [
      0,
      2
    ],
    "inject": "mul",
    "deny_weight": 0.1,
    "deny_on": "wrong",
    "epochs": 20,
    "seed": 42
  },
  "metrics_train": {
    "acc_semantic_no_key": 0.478466659784317,
    "acc_semantic_correct_key": 0.9855333566665649,
    "acc_semantic_wrong_key": 0.0002500000118743628,
    "reject_frac_no_key": 0.5196499824523926,
    "reject_frac_correct_key": 0.0,
    "reject_frac_wrong_key": 0.999750018119812,
    "random_baseline": 0.1
  },
  "metrics_test": {
    "acc_semantic_no_key": 0.5401999950408936,
    "acc_semantic_correct_key": 0.9878999590873718,
    "acc_semantic_wrong_key": 9.999999747378752e-05,
    "reject_frac_no_key": 0.45749998092651367,
    "reject_frac_correct_key": 0.0,
    "reject_frac_wrong_key": 0.9998999834060669,
    "random_baseline": 0.1
  }
}