{
  "config": {
    "m": 32,
    "gamma": 0.5,
    "inject_layers": [
      0,
      2
    ],
    "inject": "mul",
    "deny_weight": 0.1,
    "deny_on": "wrong",
    "epochs": 20,
    "seed": 42
  },
  "metrics_train": {
    "acc_semantic_no_key": 0.002950000111013651,
    "acc_semantic_correct_key": 0.9888166785240173,
    "acc_semantic_wrong_key": 0.0020833334419876337,
    "reject_frac_no_key": 0.9970499873161316,
    "reject_frac_correct_key": 0.0,
    "reject_frac_wrong_key": 0.9979166984558105,
    "random_baseline": 0.1
  },
  "metrics_test": {
    "acc_semantic_no_key": 0.0031999999191612005,
    "acc_semantic_correct_key": 0.9914000034332275,
    "acc_semantic_wrong_key": 0.0024999999441206455,
    "reject_frac_no_key": 0.9967999458312988,
    "reject_frac_correct_key": 0.0,
    "reject_frac_wrong_key": 0.9975000023841858,
    "random_baseline": 0.1
  }
}